3f77d9	-91.6042
372f45	-91.9511
28e4f0	-92.0199
3d75db	-92.0593
1f57f9	-92.3824
1d55fb	-92.6332
28e572	-92.8358
322f51	-92.9169
1fb37c	-93.0675
294f3c	-93.1257
3bdf7f	-93.1935
1de555	-93.2704
37afc5	-93.4121
3bdefd	-93.4211
373dda	-93.5098
1def77	-93.5518
1d6fa8	-93.5740
2fd92d	-93.5981
1fe757	-93.6544
1df7d3	-93.7121
3b9f3f	-93.7141
2f996d	-93.7234
273973	-93.7424
27b9ef	-93.8068
37ad70	-93.8172
29e6f4	-93.8481
1daeea	-93.8658
32afd1	-93.9244
1eef71	-93.9247
32edd8	-93.9522
3efafc	-93.9936
3dd7f3	-94.0662
2afaad	-94.0962
006ef0	-94.1037
0b82ff	-94.1078
3b9ebd	-94.1125
377d9a	-94.1170
3de6a5	-94.1218
3f8f7e	-94.1219
1b936d	-94.1315
1f6bff	-94.1410
0fd9ec	-94.1749
046af4	-94.1798
0ef379	-94.1828
1f3ff4	-94.1889
3b7c91	-94.2015
266bd0	-94.2216
22e8ef	-94.2704
2ee4fc	-94.3269
2f7d34	-94.3457
12cdf8	-94.3644
2ae6f2	-94.3851
2a9979	-94.3922
28eeb7	-94.3930
0c6970	-94.4003
3fa57b	-94.4247
3aa37b	-94.4371
2f186f	-94.4427
08cef2	-94.4665
0eb339	-94.4773
2f5799	-94.4965
059e99	-94.5140
1ad6bf	-94.5223
0fcd54	-94.5482
22f6d2	-94.5850
1ff5d1	-94.5883
1d9fa3	-94.5959
332e50	-94.6071
27be57	-94.6233
0c6fed	-94.6301
37ff9d	-94.6532
36992a	-94.6640
167f91	-94.6644
0ceeef	-94.6824
0f933c	-94.6854
0392df	-94.6926
3e75dd	-94.6984
33cf5f	-94.7008
1ee656	-94.7061
1ced73	-94.7067
35dbed	-94.7179
06fbcd	-94.7291
2dc9a9	-94.7685
1feb7f	-94.7858
35e663	-94.7947
257eda	-94.7957
2fbcfe	-94.8402
273f55	-94.8436
28eed2	-94.8464
337bd8	-94.8519
3f7dfb	-94.8664
1fe3f5	-94.8711
2ce0f4	-94.8745
37ebdd	-94.8753
1e6fae	-94.8986
36af77	-94.9029
17e5f1	-94.9134
27f9af	-94.9279
1b92ef	-94.9374
1cacee	-94.9501
1f2aeb	-94.9504
33f72a	-94.9521
3fcf3e	-94.9607
29e761	-94.9616
2eb74e	-94.9636
33fb58	-94.9716
1d6ff7	-94.9791
2759d2	-94.9876
3ecfbd	-94.9893
2e8eb9	-94.9898
3ef56e	-94.9967
39dfd2	-95.0022
3c77df	-95.0042
08c4d0	-95.0090
35ef38	-95.0141
0bcf36	-95.0328
27cb44	-95.0356
1a96ff	-95.0460
1afec5	-95.0471
3fd5f1	-95.0564
39b7ff	-95.0636
3a9db7	-95.0662
39f6e4	-95.0733
2a9f7a	-95.0743
1fb2fe	-95.0808
0f77b9	-95.0860
194ea0	-95.1108
1feba9	-95.1115
37fc98	-95.1141
378b7c	-95.1236
3ba74a	-95.1316
3676f7	-95.1362
2eeb50	-95.1459
36d271	-95.1465
3fdaf9	-95.1510
3a5cf5	-95.1709
1ce751	-95.1717
2f4d15	-95.1931
32ab73	-95.1983
3adaed	-95.2119
2d89e9	-95.2166
3fb4c6	-95.2339
1cf6d2	-95.2371
32ee7a	-95.2396
393df9	-95.2488
26aeda	-95.2502
3f7cfa	-95.2528
3474f5	-95.2568
1fabe9	-95.2653
2bbefd	-95.2698
29ff92	-95.2719
3e7bfe	-95.2757
1e5ee7	-95.2790
37cdd1	-95.2825
0f4dd4	-95.2830
19b9e5	-95.2856
1656d7	-95.3025
1ac99d	-95.3040
1f6ba0	-95.3146
2fcfdc	-95.3362
0f92be	-95.3380
37b36c	-95.3409
379b37	-95.3410
29e736	-95.3508
11d341	-95.3528
175dba	-95.3592
0dd793	-95.3594
2d6ed1	-95.3610
2e647c	-95.3619
0866f8	-95.3630
2be64e	-95.3655
1ef7b7	-95.3729
0ccaf6	-95.3815
2a8b3f	-95.3856
2e9670	-95.3968
34e467	-95.3987
3adee5	-95.4103
3d675d	-95.4248
32b37a	-95.4270
3fb1f4	-95.4348
0af6ff	-95.4385
2e9fc9	-95.4408
3a9d3b	-95.4444
177ccf	-95.4591
1d7bed	-95.4593
36fd99	-95.4600
14efd5	-95.4602
2df7b3	-95.4617
2ad939	-95.4649
14df41	-95.4651
277cde	-95.4684
1cf5d7	-95.4691
195deb	-95.4813
3f9cbe	-95.4861
26b6f2	-95.4872
36fe9c	-95.4876
359b65	-95.4889
2b632b	-95.4910
064bf0	-95.4967
349b28	-95.4980
3acbb9	-95.5036
1e8d51	-95.5104
3bd6bf	-95.5180
38ded3	-95.5235
159b11	-95.5271
39d2b7	-95.5309
35bb31	-95.5316
34ed3c	-95.5414
0999e6	-95.5416
17edf1	-95.5423
2eeffd	-95.5431
27e8fb	-95.5522
2f3acb	-95.5528
266de9	-95.5599
13eaf5	-95.5629
2e6bd0	-95.5717
0e6277	-95.5732
1e66d6	-95.5754
2fc879	-95.5788
374cd3	-95.5847
3b5e7d	-95.5913
3fef9c	-95.5916
3b8b7a	-95.5919
0e976e	-95.5946
19cfa2	-95.6007
2e4d6b	-95.6096
3f5c1b	-95.6116
177e90	-95.6167
3769cd	-95.6194
3fb13e	-95.6228
36e9b8	-95.6253
1c44f5	-95.6283
3dff18	-95.6459
177cc6	-95.6466
0accf0	-95.6487
3fdb7b	-95.6496
3ebc8c	-95.6506
1da7b1	-95.6573
1277df	-95.6574
1f5ddb	-95.6664
3f375e	-95.6754
3fedd5	-95.6792
126fd0	-95.6878
3cd6f2	-95.6913
3e5d1a	-95.6932
09dfb2	-95.6933
1a8f2c	-95.6989
2ab36b	-95.7004
1dbaaf	-95.7016
33937e	-95.7050
362e44	-95.7072
2f497b	-95.7090
0d8fb3	-95.7110
27b4f6	-95.7139
334e5d	-95.7242
27b77c	-95.7261
3776d9	-95.7289
1ceee7	-95.7295
1cdde7	-95.7302
2dfe7b	-95.7350
3bb5fd	-95.7370
3fbee4	-95.7469
3f69c9	-95.7481
3d77bf	-95.7563
3ea47a	-95.7607
26d1d0	-95.7613
36e9dc	-95.7638
29d6c8	-95.7638
1ddf4d	-95.7660
077fd4	-95.7667
3eb9b1	-95.7726
3ddf22	-95.7730
3ed909	-95.7742
0bceb4	-95.7809
1c6e67	-95.7874
3ebd3d	-95.7881
3f596b	-95.7905
373714	-95.7909
3fdd19	-95.7933
2f67c9	-95.7979
2ebefa	-95.8020
0c6ee8	-95.8031
23bdeb	-95.8060
0ef2fb	-95.8109
26a474	-95.8171
3a9b2f	-95.8248
26eceb	-95.8258
2bc6af	-95.8291
2fdb64	-95.8374
3ffbd9	-95.8390
368ed9	-95.8417
2a8abd	-95.8461
3df4d9	-95.8471
2bdd29	-95.8512
2db754	-95.8542
3c6e68	-95.8626
2269ed	-95.8656
11fbcb	-95.8716
15db51	-95.8828
12eee5	-95.8914
2d75e9	-95.8937
0b9ad7	-95.8977
233b51	-95.8980
2574f8	-95.9040
2f6cea	-95.9045
3fd869	-95.9045
2f1d1f	-95.9047
333f04	-95.9080
13996d	-95.9086
3f9b3b	-95.9121
15f575	-95.9130
0db9b4	-95.9178
27acde	-95.9184
3b3ffb	-95.9194
16d7ba	-95.9229
16ddb9	-95.9249
1c6ea9	-95.9439
3fa7d6	-95.9447
19db49	-95.9454
0e4fd0	-95.9466
2fba4b	-95.9474
1fcfdd	-95.9479
1b7eee	-95.9491
3bbd29	-95.9494
188de6	-95.9500
2a9cf3	-95.9523
2f6ffe	-95.9537
3738cb	-95.9555
1f3eae	-95.9759
146ea1	-95.9769
337f44	-95.9812
2378da	-95.9844
356dc5	-95.9930
36537a	-95.9941
3f7a52	-95.9941
3794b6	-95.9975
15d745	-96.0033
25d989	-96.0040
0ee7a7	-96.0064
2abc75	-96.0075
2e8e58	-96.0096
0bb764	-96.0108
22f9bb	-96.0117
0b7bd9	-96.0149
0f86fb	-96.0207
1fdd44	-96.0219
0af77d	-96.0220
33b76a	-96.0234
33aa74	-96.0330
1a167f	-96.0361
37b36e	-96.0407
1997df	-96.0449
2fa9cf	-96.0472
37494b	-96.0479
1f67d7	-96.0484
3bfc11	-96.0583
1f7f73	-96.0590
3779e9	-96.0634
0ceffa	-96.0645
3adaa9	-96.0656
15efcd	-96.0661
37f8eb	-96.0696
2fa4d6	-96.0716
1f4df3	-96.0731
35efc8	-96.0736
22f750	-96.0781
162ba6	-96.0781
2e65cd	-96.0832
2abaed	-96.0853
2dfdf2	-96.0876
3cef9a	-96.0909
26a76e	-96.0930
1ad73d	-96.0959
3ffbfd	-96.1052
1b5fe9	-96.1075
2865f2	-96.1087
22735d	-96.1128
2ecef9	-96.1204
3cf7af	-96.1231
0f47e9	-96.1289
367c9b	-96.1299
3db891	-96.1325
2e8f3b	-96.1325
1cc5f9	-96.1349
397db9	-96.1363
133fda	-96.1415
3cfd1c	-96.1475
3dc575	-96.1509
3de730	-96.1572
2b4d3e	-96.1581
2d53d2	-96.1586
3bd7a8	-96.1587
17a9b9	-96.1595
3f5a79	-96.1598
2e9d7d	-96.1609
1e46f7	-96.1626
37b9fc	-96.1635
2a6dd2	-96.1635
28df97	-96.1662
3fe8cb	-96.1724
0df545	-96.1791
365fb1	-96.1796
296f38	-96.1806
3cfcff	-96.1838
2f3bfb	-96.1864
3bd368	-96.1866
3d7ff9	-96.1883
3b91e5	-96.1934
073dba	-96.1947
3f7f75	-96.1961
1aec7b	-96.2011
2ddb2f	-96.2041
2c4950	-96.2053
2f7d45	-96.2065
1f9769	-96.2083
1d9772	-96.2086
11df55	-96.2093
3eabcc	-96.2094
39d9c6	-96.2113
1a67ff	-96.2122
1e4a64	-96.2203
147ed6	-96.2210
2acafd	-96.2251
39a548	-96.2268
265a26	-96.2317
2a0a3d	-96.2320
3bcb3a	-96.2338
3b93ed	-96.2368
1ccea3	-96.2375
1efd3b	-96.2403
0ce9f0	-96.2405
376adf	-96.2425
1fe6fb	-96.2426
139df2	-96.2431
3af979	-96.2436
2b7b1a	-96.2467
0ff747	-96.2497
15ab85	-96.2500
1c6bb8	-96.2522
3a1cb5	-96.2528
3ffad2	-96.2533
0c2fad	-96.2552
37d644	-96.2564
3fbbb5	-96.2578
3dbce6	-96.2623
2f4fb1	-96.2669
2391d5	-96.2679
37f7d4	-96.2691
3b5b5a	-96.2721
12ef50	-96.2725
1714f0	-96.2731
0f99ac	-96.2761
14e4f7	-96.2812
3df68f	-96.2849
2fcd95	-96.2880
3edae1	-96.2884
3b1165	-96.2909
1a977d	-96.2915
12c15c	-96.2917
2a3760	-96.2930
21e6fa	-96.2941
1bbb6c	-96.2943
3f93ec	-96.2985
25fd9c	-96.2991
1ef6ae	-96.2994
17f3ed	-96.3006
1dd359	-96.3039
3fe3d5	-96.3054
1675d1	-96.3066
3ebf36	-96.3086
174fd9	-96.3132
3faf5a	-96.3133
17cbfd	-96.3148
2b9d69	-96.3161
22a36a	-96.3167
3ff6db	-96.3171
377bbf	-96.3184
0f6376	-96.3189
3beb8a	-96.3222
2ee2f6	-96.3285
17dcb8	-96.3310
171dfa	-96.3310
275f91	-96.3320
2b7f74	-96.3352
3df3bf	-96.3362
15dbe4	-96.3365
1a57bd	-96.3374
3fc664	-96.3375
332b41	-96.3395
19beab	-96.3435
1bafed	-96.3437
1bc6f5	-96.3438
07fef3	-96.3442
29df73	-96.3473
3e66d7	-96.3510
1b95dd	-96.3526
27b5fb	-96.3581
0b027f	-96.3612
3f7c64	-96.3625
0fe274	-96.3705
3a9aad	-96.3710
3f8bc9	-96.3717
2f76e9	-96.3721
2be37e	-96.3737
135559	-96.3744
3d1e60	-96.3774
20f4d0	-96.3775
126590	-96.3778
10d751	-96.3851
0d4ef1	-96.3859
0e6b72	-96.3899
156ca5	-96.3993
16e39f	-96.4021
1cfecd	-96.4042
1f6655	-96.4077
2595d1	-96.4089
26c9f8	-96.4095
2efea9	-96.4103
367f9e	-96.4116
3c64d5	-96.4155
273ed7	-96.4182
3a2fd3	-96.4217
0f5991	-96.4230
2ea53e	-96.4233
326cda	-96.4245
132afd	-96.4247
3ac2ec	-96.4274
2599c9	-96.4316
237159	-96.4333
1d99f4	-96.4337
0a4df2	-96.4351
24c9d0	-96.4399
0da9c9	-96.4403
2bcc7d	-96.4428
23ba53	-96.4446
0ef3c5	-96.4456
2d74e7	-96.4459
33ca0c	-96.4468
2eb9f3	-96.4472
34d921	-96.4488
377e51	-96.4548
17cdec	-96.4599
2beaf4	-96.4600
3b98a9	-96.4663
2967b6	-96.4669
2cf4b1	-96.4690
3e76d8	-96.4697
15bdd0	-96.4710
3bdbda	-96.4716
3cd129	-96.4726
0d355c	-96.4760
357ef3	-96.4781
322379	-96.4790
193f71	-96.4791
3dee6b	-96.4811
3267af	-96.4814
3e7c85	-96.4833
0b4fb6	-96.4853
2ee57e	-96.4873
06fff2	-96.4878
138a8d	-96.4922
1cee76	-96.4960
09c6d4	-96.4960
2eb17b	-96.4988
0a7bf5	-96.5007
2ebe08	-96.5016
0f58ee	-96.5039
2d472c	-96.5045
221a1d	-96.5051
367f50	-96.5072
0e93bf	-96.5085
1379a3	-96.5089
229a9d	-96.5127
3dfefb	-96.5141
1addd8	-96.5170
2baa7c	-96.5195
0b75e8	-96.5226
2febc9	-96.5256
227652	-96.5257
176571	-96.5263
2ac86d	-96.5272
1ee2f4	-96.5280
11e8f7	-96.5294
2dfd93	-96.5297
2e3f70	-96.5309
39f474	-96.5363
0ecf50	-96.5372
32a6d4	-96.5386
026af8	-96.5390
37e5dd	-96.5403
2b6fd6	-96.5406
373dc5	-96.5410
34e78f	-96.5417
25a96b	-96.5444
1f6eaf	-96.5509
3f6d55	-96.5526
3aa35a	-96.5527
1f5dc4	-96.5541
1d5ee1	-96.5542
2cc9fc	-96.5562
1b126f	-96.5564
2fe98f	-96.5578
0eefd2	-96.5589
1f8a36	-96.5600
165cbb	-96.5602
3cadf2	-96.5605
3677ee	-96.5644
36e665	-96.5645
1f48fe	-96.5647
3effed	-96.5648
17e9f9	-96.5702
371d4e	-96.5709
2e9b7e	-96.5709
3efd7d	-96.5727
36f3c4	-96.5728
37673e	-96.5740
0ce5d8	-96.5741
0fafbc	-96.5777
1a5ee8	-96.5783
25fcf3	-96.5815
2e6bee	-96.5834
2e5a3c	-96.5842
3dcd90	-96.5848
33bdd2	-96.5865
377afb	-96.5895
3abe44	-96.5903
3dcf57	-96.5914
3b9c3a	-96.5943
2aecd0	-96.5948
0779f2	-96.5951
2decd3	-96.5968
39f771	-96.5977
2dded8	-96.5978
29dcea	-96.5979
13b8f6	-96.5989
37d9ef	-96.6026
2fb37f	-96.6035
25f673	-96.6061
1e53ab	-96.6067
28776b	-96.6080
3a1a2d	-96.6089
39dd7d	-96.6094
1e9988	-96.6095
23f371	-96.6116
06bb8d	-96.6118
1cafeb	-96.6119
3b0a76	-96.6121
395f2c	-96.6129
3b97e8	-96.6157
1b68eb	-96.6164
3ea77f	-96.6171
1348ea	-96.6200
0cbaea	-96.6223
232f14	-96.6225
17963e	-96.6247
3767f9	-96.6269
3b9b4c	-96.6275
119ec8	-96.6297
37ad73	-96.6297
04ae50	-96.6298
0efe89	-96.6300
0ebbc5	-96.6302
1d6eb1	-96.6313
2d0e70	-96.6320
2c5d79	-96.6343
21ef69	-96.6346
3286f0	-96.6362
1763f7	-96.6367
0ddbee	-96.6370
3cac59	-96.6379
047eb1	-96.6430
33d751	-96.6433
17fc4f	-96.6439
32b35b	-96.6443
15c929	-96.6449
26b8ee	-96.6458
176fdb	-96.6462
39afa5	-96.6485
229b1f	-96.6487
0acd72	-96.6491
0e727b	-96.6497
1fcfff	-96.6511
2e4670	-96.6519
28d452	-96.6523
122fa2	-96.6523
25dcf2	-96.6527
269375	-96.6535
1fc5e4	-96.6563
3ea75e	-96.6576
3d4fd7	-96.6603
3fa63e	-96.6608
2ef13b	-96.6613
27fddc	-96.6617
1a4f77	-96.6623
1b37eb	-96.6705
37f32e	-96.6724
3bcd2e	-96.6733
23f37f	-96.6745
2ef7c5	-96.6750
2771d3	-96.6751
2ecc69	-96.6756
0e5777	-96.6759
3bda79	-96.6772
2a3cf5	-96.6773
25b6f4	-96.6787
3f5fa1	-96.6803
0e6def	-96.6813
34fc9e	-96.6820
15756d	-96.6821
0ed7f7	-96.6846
3d6f69	-96.6860
32df48	-96.6861
16b5f4	-96.6871
25d3d1	-96.6886
1bbded	-96.6908
2adf3a	-96.6923
2d9cd7	-96.6925
2310d7	-96.6939
3d593f	-96.6949
25cf68	-96.6956
0f3941	-96.6958
2bb77b	-96.6962
3776ef	-96.6994
2b46ba	-96.7002
1bb6fa	-96.7061
2a3d77	-96.7090
2ebde0	-96.7100
14dfbb	-96.7115
3aade7	-96.7123
22b9fb	-96.7128
3f1e8e	-96.7131
2f452e	-96.7157
3d9714	-96.7157
379345	-96.7190
3a9cb9	-96.7193
3f9b4d	-96.7198
3fc8b7	-96.7198
2e69e5	-96.7211
177da7	-96.7229
1d65d5	-96.7235
3eb9a8	-96.7242
2e2a39	-96.7247
16ea29	-96.7251
2b5d54	-96.7254
3e99b3	-96.7268
3b1e3d	-96.7269
2ab34a	-96.7301
1e5ea8	-96.7302
13551a	-96.7306
1fed14	-96.7308
2a7b55	-96.7311
35f685	-96.7318
2d559b	-96.7334
3eae18	-96.7334
2f9990	-96.7346
3fd3ac	-96.7353
2abdf7	-96.7359
1a563f	-96.7361
0e12af	-96.7370
33fcef	-96.7377
158e89	-96.7381
2b3fff	-96.7388
3f2b7e	-96.7393
3b4d44	-96.7403
2d1a6d	-96.7442
359bad	-96.7453
3ab939	-96.7456
0f31dc	-96.7483
2eef72	-96.7500
252fce	-96.7519
0bfb59	-96.7545
2e7757	-96.7558
3f6e6e	-96.7564
396f7c	-96.7564
3cbe8e	-96.7603
2dd181	-96.7613
2ddd1e	-96.7650
333ebf	-96.7651
3db752	-96.7673
3fc777	-96.7684
1b93f6	-96.7689
349fbd	-96.7699
3df8d1	-96.7700
3b7de9	-96.7701
32db99	-96.7712
0dbefa	-96.7725
34b29d	-96.7725
0af77e	-96.7736
3debf5	-96.7760
1e65f1	-96.7765
3387f1	-96.7767
3f9ab9	-96.7770
3ba27c	-96.7791
3ae9bd	-96.7800
1b9579	-96.7824
067dcf	-96.7834
16beae	-96.7844
27bfd5	-96.7898
1075dd	-96.7912
374a2e	-96.7921
1dcca8	-96.7925
0ce9dc	-96.7956
2f287e	-96.7959
3f5f53	-96.7985
0cd5e9	-96.7997
2ec1f0	-96.8002
352f5e	-96.8002
37bbb9	-96.8013
21c5d0	-96.8033
12d5a9	-96.8035
3c7e74	-96.8035
05cf8d	-96.8036
3ec251	-96.8041
0ab73d	-96.8054
2aecb5	-96.8057
277cd8	-96.8058
279274	-96.8060
253959	-96.8072
3f4e3c	-96.8082
2112d5	-96.8084
1a9e64	-96.8109
3db6cb	-96.8119
3eedf9	-96.8121
255d93	-96.8138
0d6b74	-96.8146
066efc	-96.8146
1be86b	-96.8149
3cd5f7	-96.8157
37527b	-96.8168
0ac6af	-96.8170
3f2479	-96.8173
0d1ce0	-96.8177
1cb9f1	-96.8180
32d675	-96.8182
0c9366	-96.8184
327d72	-96.8192
38d3b6	-96.8194
1deeaa	-96.8212
0736fe	-96.8228
25bdb0	-96.8242
3beb98	-96.8255
1bf348	-96.8291
2ba33e	-96.8293
29b9c6	-96.8303
1f6df5	-96.8303
1d5de4	-96.8306
27d36c	-96.8307
2ebce2	-96.8313
336ddb	-96.8320
332755	-96.8338
3cfdc7	-96.8357
3f5d05	-96.8389
1fed57	-96.8401
117ce4	-96.8404
3bccb3	-96.8414
0a7cd2	-96.8419
262ebb	-96.8470
1b94fb	-96.8474
35554d	-96.8487
16f676	-96.8512
10d111	-96.8516
1d9319	-96.8519
3afcf3	-96.8548
3977e6	-96.8565
2abffc	-96.8594
36be38	-96.8601
3b9db8	-96.8606
08ebf2	-96.8608
087ed0	-96.8619
36f79a	-96.8655
084e72	-96.8670
39cca8	-96.8672
2e9afc	-96.8681
397f28	-96.8694
151cd0	-96.8703
2bbdf8	-96.8726
351919	-96.8732
2a8f4c	-96.8738
345ef6	-96.8753
1eaeec	-96.8760
2eeee2	-96.8791
1bdf26	-96.8804
0effed	-96.8811
0bd17b	-96.8814
27755d	-96.8815
13cacd	-96.8828
3266b6	-96.8831
3da79f	-96.8831
075cfe	-96.8837
2b1c6b	-96.8860
1eef53	-96.8871
1fbf74	-96.8887
28cbd2	-96.8901
113751	-96.8905
0738ab	-96.8919
2edb48	-96.8937
07ddfc	-96.8951
37b55b	-96.8959
3f7bf1	-96.8962
1ccf9b	-96.8973
2fbb49	-96.9000
2747b9	-96.9006
31df50	-96.9012
1db6f6	-96.9031
34f2dd	-96.9033
196ff1	-96.9049
2eacf0	-96.9066
274d97	-96.9083
26b7d1	-96.9090
03125f	-96.9108
3272f3	-96.9124
2f5e1e	-96.9169
14af95	-96.9174
07b9a9	-96.9175
157ecd	-96.9181
3655b2	-96.9186
2ecf7b	-96.9188
3ebf89	-96.9211
319776	-96.9218
2f9bfd	-96.9238
3cbbb3	-96.9241
2b7732	-96.9250
1c5ce5	-96.9256
376666	-96.9278
12405e	-96.9362
2ddbd9	-96.9371
3bfb51	-96.9386
0875e3	-96.9416
3cae66	-96.9416
37dd7a	-96.9437
1befad	-96.9446
2f3ece	-96.9451
08d6da	-96.9455
27dd4b	-96.9481
1ab511	-96.9494
08c552	-96.9500
2fdb99	-96.9503
3ca444	-96.9505
1eef10	-96.9519
05eecd	-96.9532
2f9bd9	-96.9534
15ffdb	-96.9543
0d73f2	-96.9545
397dcb	-96.9545
33c96a	-96.9547
1d63df	-96.9559
27b3cf	-96.9573
1e63fb	-96.9586
19b4fe	-96.9600
376c44	-96.9626
17d3c4	-96.9655
3badf2	-96.9656
2afa57	-96.9660
3f3446	-96.9673
185cea	-96.9674
3b733b	-96.9674
1ecb74	-96.9680
0fd911	-96.9681
2e87ec	-96.9682
2ecdd8	-96.9691
1f67ea	-96.9693
0d75bb	-96.9694
1c5ddd	-96.9699
23ecff	-96.9708
08ddb6	-96.9724
25de18	-96.9743
1ee7e5	-96.9753
067ab9	-96.9763
10d7ab	-96.9779
2734f9	-96.9811
2dc5b5	-96.9827
3e6f51	-96.9835
3997e5	-96.9835
3b6a88	-96.9858
0f067b	-96.9864
3bb53a	-96.9868
2edfad	-96.9885
3cdeed	-96.9890
154f75	-96.9893
223f41	-96.9901
35df78	-96.9916
33dc93	-96.9919
22b72f	-96.9931
2d9b6f	-96.9932
1f5fe6	-96.9950
1cfef5	-96.9964
0fe765	-96.9971
1fdccf	-96.9989
2bece0	-96.9999
3f1a39	-97.0002
379170	-97.0007
345d49	-97.0011
372351	-97.0019
0adffb	-97.0022
35bef2	-97.0027
3ae99c	-97.0029
17dfe0	-97.0036
177b72	-97.0038
13ccf9	-97.0047
2fdbbd	-97.0049
